,AVG_SALARY,EXPERIENCE_YEARS,DURATION_DAYS
count,15378.0,15378.0,15378.0
mean,95154.2361854006,4.564052542593315,20.49486279100013
std,24709.977581874435,2.199537753550383,11.234961823797487
min,40000.0,0.0,0.0
25%,78307.98297645758,3.0,15.0
50%,95015.53514121473,5.0,18.0
75%,111787.08494773516,5.0,23.0
max,193155.94266090816,15.0,59.0
